{"f1_score": 0.7522194980710726, "log_loss": 0.42519269750185795, "precision": 0.4470588235294118, "recall": 0.021701884637350087, "roc_auc_score": 0.7035989825255458}